title,Name
Harry Potter and the Chamber of Secrets,CallMeKevin1811
Harry Potter and the Chamber of Secrets,R3xoss
Harry Potter and the Chamber of Secrets,FortniteGame
Harry Potter and the Chamber of Secrets,Complex
Harry Potter and the Chamber of Secrets,Keggerade
The Lord of the Rings: The Two Towers,BertShowBert
The Lord of the Rings: The Two Towers,sadrianom
The Lord of the Rings: The Two Towers,Weinbach
The Lord of the Rings: The Two Towers,AlphaOmegaSin
The Lord of the Rings: The Two Towers,_Rico21
